<?xml version="1.0" ?>
<odoo>
    <record id="email_template_credit" model="mail.template">
        <field name="name">Credit Limit App: Send by email</field>
        <field name="model_id" ref="credit_limit_management.model_credit_limit_wizard"/>
        <field name="subject">Credit Limit approval Sale Order: {{ object.name or 'n/a' }}</field>
        <field name="email_from">{{object.email_from}}</field>
        <field name="email_to">{{object.email_to}}</field>
<!--        <field name="email_to">kaushik.pathak14@gmail.com</field>-->
        <field name="partner_to">{{ object.partner_id.id }}</field>
        <field name="body_html" type="html">
            <div style="margin: 0px; padding: 0px;">
                <p style="color:orange; font: Arial">Dear
                    <h3 style="color:red;font:Arial" t-out="object.user_id"></h3>
                </p>
                <p style="margin: 0px; padding: 0px; font-size: 15px;">
                    A sale order
                    <strong style="color:blue" t-out="object.name"/>
                    for customer
                    <strong t-out="object.partner_id.name or ''"></strong>
                    is out of his credit limit.
                    <br/>
                    <p style="color:red; font:Arial">Click on Below Link to get information about order...
                        <br/>
                        <strong t-esc="object.get_full_url()"/>
                    </p>
                </p>
            </div>
        </field>
    </record>
</odoo>
