<?xml version="1.0" ?>
<odoo>
    <record id="email_template_credit" model="mail.template">
        <field name="name">Credit Limit App: Send by email</field>
        <field name="model_id" ref="Credit_Limit_Management.model_credit_limit_wizard"/>
        <field name="subject">Credit Limit approval Sale Order: {{ object.name or 'n/a' }}</field>
        <field name="email_from">kaushik.reliution@gmail.com</field>
        <field name="email_to">dajmeriya1718@gmail.com</field>
        <field name="body_html" type="html">
            <div style="margin: 0px; padding: 0px;">
                <p style="color:orange; font: Arial">Dear
                    <h3 style="color:orange; font: Arial" t-out="object.team_id">,</h3>
                </p>
                <p style="margin: 0px; padding: 0px; font-size: 15px;">
                    A sale order
                    <strong style="color:blue" t-out="object.name"/>
                    for customer
                    <strong t-out="object.partner_id.name or ''"></strong>
                    require your customer credit limit approval...
                    <br/>
                    <br/>
                    <p style="color:red; font:Arial">Click Below Link to Overwrite Credit Limit
                        <br/>
                        <strong t-esc="object.get_full_url()"/>
                        Mail From:::
                        <strong t-out="object.user_id"/>
                    </p>

                </p>
            </div>
        </field>
    </record>
</odoo>
