<?xml version="1.0" encoding="utf-8"?>
<odoo>
    <data noupdate="1">
        <record id="seq_case_management" model="ir.sequence">
            <field name="name">Case Seq</field>
            <field name="code">case.case</field>
            <field name="prefix">CC</field>
            <field name="padding">5</field>
            <field name="company_id" eval="False"/>
        </record>
         <record id="seq_contribution_management" model="ir.sequence">
            <field name="name">Contribution Seq</field>
            <field name="code">case.contributor</field>
            <field name="prefix">CNT</field>
            <field name="padding">5</field>
            <field name="company_id" eval="False"/>
        </record>
    </data>
</odoo>
